{"Version":1,"ManifestType":"Publish","Endpoints":[{"Route":"asset-manifest.en8qb39bl8.json","AssetFile":"asset-manifest.json","Selectors":[],"ResponseHeaders":[{"Name":"Cache-Control","Value":"max-age=31536000, immutable"},{"Name":"Content-Length","Value":"369"},{"Name":"Content-Type","Value":"application/json"},{"Name":"ETag","Value":"\"StXFsdnYyc8kpknj44Wv5Z6KIG6IsyOH6reCoagFTY8=\""},{"Name":"Last-Modified","Value":"Wed, 18 Feb 2026 01:48:15 GMT"}],"EndpointProperties":[{"Name":"fingerprint","Value":"en8qb39bl8"},{"Name":"integrity","Value":"sha256-StXFsdnYyc8kpknj44Wv5Z6KIG6IsyOH6reCoagFTY8="},{"Name":"label","Value":"asset-manifest.json"}]},{"Route":"asset-manifest.json","AssetFile":"asset-manifest.json","Selectors":[],"ResponseHeaders":[{"Name":"Cache-Control","Value":"no-cache"},{"Name":"Content-Length","Value":"369"},{"Name":"Content-Type","Value":"application/json"},{"Name":"ETag","Value":"\"StXFsdnYyc8kpknj44Wv5Z6KIG6IsyOH6reCoagFTY8=\""},{"Name":"Last-Modified","Value":"Wed, 18 Feb 2026 01:48:15 GMT"}],"EndpointProperties":[{"Name":"integrity","Value":"sha256-StXFsdnYyc8kpknj44Wv5Z6KIG6IsyOH6reCoagFTY8="}]},{"Route":"index.gq4etads5v.html","AssetFile":"index.html","Selectors":[],"ResponseHeaders":[{"Name":"Cache-Control","Value":"max-age=31536000, immutable"},{"Name":"Content-Length","Value":"800"},{"Name":"Content-Type","Value":"text/html"},{"Name":"ETag","Value":"\"eIRvPDXUiIhkQr6/nBeYV0J06jgVs1m5sMTEvi1bMpM=\""},{"Name":"Last-Modified","Value":"Wed, 18 Feb 2026 01:48:15 GMT"}],"EndpointProperties":[{"Name":"fingerprint","Value":"gq4etads5v"},{"Name":"integrity","Value":"sha256-eIRvPDXUiIhkQr6/nBeYV0J06jgVs1m5sMTEvi1bMpM="},{"Name":"label","Value":"index.html"}]},{"Route":"index.html","AssetFile":"index.html","Selectors":[],"ResponseHeaders":[{"Name":"Cache-Control","Value":"no-cache"},{"Name":"Content-Length","Value":"800"},{"Name":"Content-Type","Value":"text/html"},{"Name":"ETag","Value":"\"eIRvPDXUiIhkQr6/nBeYV0J06jgVs1m5sMTEvi1bMpM=\""},{"Name":"Last-Modified","Value":"Wed, 18 Feb 2026 01:48:15 GMT"}],"EndpointProperties":[{"Name":"integrity","Value":"sha256-eIRvPDXUiIhkQr6/nBeYV0J06jgVs1m5sMTEvi1bMpM="}]},{"Route":"static/css/main.9ff60c10.css","AssetFile":"static/css/main.9ff60c10.css","Selectors":[],"ResponseHeaders":[{"Name":"Cache-Control","Value":"no-cache"},{"Name":"Content-Length","Value":"93889"},{"Name":"Content-Type","Value":"text/css"},{"Name":"ETag","Value":"\"xAK0RJ3cvJqvI0rNbMD0IHR9rlPF0lM1O28PsauiQp0=\""},{"Name":"Last-Modified","Value":"Wed, 18 Feb 2026 01:48:15 GMT"}],"EndpointProperties":[{"Name":"integrity","Value":"sha256-xAK0RJ3cvJqvI0rNbMD0IHR9rlPF0lM1O28PsauiQp0="}]},{"Route":"static/css/main.9ff60c10.css.38idcjzsgu.map","AssetFile":"static/css/main.9ff60c10.css.map","Selectors":[],"ResponseHeaders":[{"Name":"Cache-Control","Value":"max-age=31536000, immutable"},{"Name":"Content-Length","Value":"170782"},{"Name":"Content-Type","Value":"text/plain"},{"Name":"ETag","Value":"\"fXqiO5TfvIXv+OOtNbipHRFA+r7+cxlDUl2SA5aS3r0=\""},{"Name":"Last-Modified","Value":"Wed, 18 Feb 2026 01:48:15 GMT"}],"EndpointProperties":[{"Name":"fingerprint","Value":"38idcjzsgu"},{"Name":"integrity","Value":"sha256-fXqiO5TfvIXv+OOtNbipHRFA+r7+cxlDUl2SA5aS3r0="},{"Name":"label","Value":"static/css/main.9ff60c10.css.map"}]},{"Route":"static/css/main.9ff60c10.css.map","AssetFile":"static/css/main.9ff60c10.css.map","Selectors":[],"ResponseHeaders":[{"Name":"Cache-Control","Value":"no-cache"},{"Name":"Content-Length","Value":"170782"},{"Name":"Content-Type","Value":"text/plain"},{"Name":"ETag","Value":"\"fXqiO5TfvIXv+OOtNbipHRFA+r7+cxlDUl2SA5aS3r0=\""},{"Name":"Last-Modified","Value":"Wed, 18 Feb 2026 01:48:15 GMT"}],"EndpointProperties":[{"Name":"integrity","Value":"sha256-fXqiO5TfvIXv+OOtNbipHRFA+r7+cxlDUl2SA5aS3r0="}]},{"Route":"static/css/main.9ff60c10.w7iwtzrunw.css","AssetFile":"static/css/main.9ff60c10.css","Selectors":[],"ResponseHeaders":[{"Name":"Cache-Control","Value":"max-age=31536000, immutable"},{"Name":"Content-Length","Value":"93889"},{"Name":"Content-Type","Value":"text/css"},{"Name":"ETag","Value":"\"xAK0RJ3cvJqvI0rNbMD0IHR9rlPF0lM1O28PsauiQp0=\""},{"Name":"Last-Modified","Value":"Wed, 18 Feb 2026 01:48:15 GMT"}],"EndpointProperties":[{"Name":"fingerprint","Value":"w7iwtzrunw"},{"Name":"integrity","Value":"sha256-xAK0RJ3cvJqvI0rNbMD0IHR9rlPF0lM1O28PsauiQp0="},{"Name":"label","Value":"static/css/main.9ff60c10.css"}]},{"Route":"static/js/main.4a559db1.grxj3yint7.js","AssetFile":"static/js/main.4a559db1.js","Selectors":[],"ResponseHeaders":[{"Name":"Cache-Control","Value":"max-age=31536000, immutable"},{"Name":"Content-Length","Value":"718882"},{"Name":"Content-Type","Value":"text/javascript"},{"Name":"ETag","Value":"\"VEOr07Xlu4TH9AOir+xSeGpzMBBjvm8IKBxtygTR4mI=\""},{"Name":"Last-Modified","Value":"Wed, 18 Feb 2026 01:48:15 GMT"}],"EndpointProperties":[{"Name":"fingerprint","Value":"grxj3yint7"},{"Name":"integrity","Value":"sha256-VEOr07Xlu4TH9AOir+xSeGpzMBBjvm8IKBxtygTR4mI="},{"Name":"label","Value":"static/js/main.4a559db1.js"}]},{"Route":"static/js/main.4a559db1.js","AssetFile":"static/js/main.4a559db1.js","Selectors":[],"ResponseHeaders":[{"Name":"Cache-Control","Value":"no-cache"},{"Name":"Content-Length","Value":"718882"},{"Name":"Content-Type","Value":"text/javascript"},{"Name":"ETag","Value":"\"VEOr07Xlu4TH9AOir+xSeGpzMBBjvm8IKBxtygTR4mI=\""},{"Name":"Last-Modified","Value":"Wed, 18 Feb 2026 01:48:15 GMT"}],"EndpointProperties":[{"Name":"integrity","Value":"sha256-VEOr07Xlu4TH9AOir+xSeGpzMBBjvm8IKBxtygTR4mI="}]},{"Route":"static/js/main.4a559db1.js.LICENSE.txt","AssetFile":"static/js/main.4a559db1.js.LICENSE.txt","Selectors":[],"ResponseHeaders":[{"Name":"Cache-Control","Value":"no-cache"},{"Name":"Content-Length","Value":"1790"},{"Name":"Content-Type","Value":"text/plain"},{"Name":"ETag","Value":"\"umsMf1chNORXbZqpnrFdtCegU/lq7FRmMVoRJrlj9S8=\""},{"Name":"Last-Modified","Value":"Wed, 18 Feb 2026 01:48:15 GMT"}],"EndpointProperties":[{"Name":"integrity","Value":"sha256-umsMf1chNORXbZqpnrFdtCegU/lq7FRmMVoRJrlj9S8="}]},{"Route":"static/js/main.4a559db1.js.LICENSE.yeqwyvivrg.txt","AssetFile":"static/js/main.4a559db1.js.LICENSE.txt","Selectors":[],"ResponseHeaders":[{"Name":"Cache-Control","Value":"max-age=31536000, immutable"},{"Name":"Content-Length","Value":"1790"},{"Name":"Content-Type","Value":"text/plain"},{"Name":"ETag","Value":"\"umsMf1chNORXbZqpnrFdtCegU/lq7FRmMVoRJrlj9S8=\""},{"Name":"Last-Modified","Value":"Wed, 18 Feb 2026 01:48:15 GMT"}],"EndpointProperties":[{"Name":"fingerprint","Value":"yeqwyvivrg"},{"Name":"integrity","Value":"sha256-umsMf1chNORXbZqpnrFdtCegU/lq7FRmMVoRJrlj9S8="},{"Name":"label","Value":"static/js/main.4a559db1.js.LICENSE.txt"}]},{"Route":"static/js/main.4a559db1.js.map","AssetFile":"static/js/main.4a559db1.js.map","Selectors":[],"ResponseHeaders":[{"Name":"Cache-Control","Value":"no-cache"},{"Name":"Content-Length","Value":"3051339"},{"Name":"Content-Type","Value":"text/plain"},{"Name":"ETag","Value":"\"c0y8CqsdlmyqmsihZm4rfOilQ7QJN+7uIX3zv/3yFKo=\""},{"Name":"Last-Modified","Value":"Wed, 18 Feb 2026 01:48:15 GMT"}],"EndpointProperties":[{"Name":"integrity","Value":"sha256-c0y8CqsdlmyqmsihZm4rfOilQ7QJN+7uIX3zv/3yFKo="}]},{"Route":"static/js/main.4a559db1.js.pdqwea7zjf.map","AssetFile":"static/js/main.4a559db1.js.map","Selectors":[],"ResponseHeaders":[{"Name":"Cache-Control","Value":"max-age=31536000, immutable"},{"Name":"Content-Length","Value":"3051339"},{"Name":"Content-Type","Value":"text/plain"},{"Name":"ETag","Value":"\"c0y8CqsdlmyqmsihZm4rfOilQ7QJN+7uIX3zv/3yFKo=\""},{"Name":"Last-Modified","Value":"Wed, 18 Feb 2026 01:48:15 GMT"}],"EndpointProperties":[{"Name":"fingerprint","Value":"pdqwea7zjf"},{"Name":"integrity","Value":"sha256-c0y8CqsdlmyqmsihZm4rfOilQ7QJN+7uIX3zv/3yFKo="},{"Name":"label","Value":"static/js/main.4a559db1.js.map"}]},{"Route":"winget-seed.5uf7rydr4c.json","AssetFile":"winget-seed.json","Selectors":[],"ResponseHeaders":[{"Name":"Cache-Control","Value":"max-age=31536000, immutable"},{"Name":"Content-Length","Value":"521387"},{"Name":"Content-Type","Value":"application/json"},{"Name":"ETag","Value":"\"7Z7b9yONQXUBwA8xhwxS7nstkA+h3SWoOky//9hXMS8=\""},{"Name":"Last-Modified","Value":"Wed, 18 Feb 2026 01:48:15 GMT"}],"EndpointProperties":[{"Name":"fingerprint","Value":"5uf7rydr4c"},{"Name":"integrity","Value":"sha256-7Z7b9yONQXUBwA8xhwxS7nstkA+h3SWoOky//9hXMS8="},{"Name":"label","Value":"winget-seed.json"}]},{"Route":"winget-seed.json","AssetFile":"winget-seed.json","Selectors":[],"ResponseHeaders":[{"Name":"Cache-Control","Value":"no-cache"},{"Name":"Content-Length","Value":"521387"},{"Name":"Content-Type","Value":"application/json"},{"Name":"ETag","Value":"\"7Z7b9yONQXUBwA8xhwxS7nstkA+h3SWoOky//9hXMS8=\""},{"Name":"Last-Modified","Value":"Wed, 18 Feb 2026 01:48:15 GMT"}],"EndpointProperties":[{"Name":"integrity","Value":"sha256-7Z7b9yONQXUBwA8xhwxS7nstkA+h3SWoOky//9hXMS8="}]}]}